/**
######################################################################
##
## BGF 신한은행 위탁관리 :: Flyway 스크립트
##
######################################################################
**/

/**
[초기데이터 생성]
## 01. SLA 관련 프로그램 등록
**/

/*___ atms_program ___*/
INSERT INTO ATMS_PROGRAM (PROG_CD, PROG_NM, PROG_PH, AUTH_CHECK, SCH_AH, SAV_AH, DEL_AH, EXL_AH, FN1_AH, FN2_AH, FN3_AH, FN4_AH, FN5_AH, REMARK, TARGET, CREATED_AT, CREATED_BY, UPDATED_AT, UPDATED_BY) VALUES ('sh_sla_10', '[SLA] 패널티내역', '/mng/sla/sh_sla_10', 'Y', 'Y', 'Y', 'N', 'N', 'N', 'N', 'N', 'N', 'N', null, '_self', TO_TIMESTAMP('2017-03-30 16:46:27.498000', 'YYYY-MM-DD HH24:MI:SS.FF6'), 'system', TO_TIMESTAMP('2017-04-20 13:24:59.322000', 'YYYY-MM-DD HH24:MI:SS.FF6'), 'system');
INSERT INTO ATMS_PROGRAM (PROG_CD, PROG_NM, PROG_PH, AUTH_CHECK, SCH_AH, SAV_AH, DEL_AH, EXL_AH, FN1_AH, FN2_AH, FN3_AH, FN4_AH, FN5_AH, REMARK, TARGET, CREATED_AT, CREATED_BY, UPDATED_AT, UPDATED_BY) VALUES ('sh_sla_20', '[SLA] 현금부족내역', '/mng/sla/sh_sla_20', 'Y', 'Y', 'Y', 'N', 'N', 'N', 'N', 'N', 'N', 'N', null, '_self', TO_TIMESTAMP('2017-03-30 16:46:27.498000', 'YYYY-MM-DD HH24:MI:SS.FF6'), 'system', TO_TIMESTAMP('2017-04-20 13:24:59.322000', 'YYYY-MM-DD HH24:MI:SS.FF6'), 'system');
INSERT INTO ATMS_PROGRAM (PROG_CD, PROG_NM, PROG_PH, AUTH_CHECK, SCH_AH, SAV_AH, DEL_AH, EXL_AH, FN1_AH, FN2_AH, FN3_AH, FN4_AH, FN5_AH, REMARK, TARGET, CREATED_AT, CREATED_BY, UPDATED_AT, UPDATED_BY) VALUES ('sh_sla_30', '[SLA] 민원관리내역', '/mng/sla/sh_sla_30', 'Y', 'Y', 'Y', 'N', 'N', 'N', 'N', 'N', 'N', 'N', null, '_self', TO_TIMESTAMP('2017-03-30 16:46:27.498000', 'YYYY-MM-DD HH24:MI:SS.FF6'), 'system', TO_TIMESTAMP('2017-04-20 13:24:59.322000', 'YYYY-MM-DD HH24:MI:SS.FF6'), 'system');
INSERT INTO ATMS_PROGRAM (PROG_CD, PROG_NM, PROG_PH, AUTH_CHECK, SCH_AH, SAV_AH, DEL_AH, EXL_AH, FN1_AH, FN2_AH, FN3_AH, FN4_AH, FN5_AH, REMARK, TARGET, CREATED_AT, CREATED_BY, UPDATED_AT, UPDATED_BY) VALUES ('sh_sla_40', '[SLA] 해피콜', '/mng/sla/sh_sla_40', 'Y', 'Y', 'Y', 'N', 'N', 'N', 'N', 'N', 'N', 'N', null, '_self', TO_TIMESTAMP('2017-03-30 16:46:27.498000', 'YYYY-MM-DD HH24:MI:SS.FF6'), 'system', TO_TIMESTAMP('2017-04-20 13:24:59.322000', 'YYYY-MM-DD HH24:MI:SS.FF6'), 'system');
INSERT INTO ATMS_PROGRAM (PROG_CD, PROG_NM, PROG_PH, AUTH_CHECK, SCH_AH, SAV_AH, DEL_AH, EXL_AH, FN1_AH, FN2_AH, FN3_AH, FN4_AH, FN5_AH, REMARK, TARGET, CREATED_AT, CREATED_BY, UPDATED_AT, UPDATED_BY) VALUES ('sh_sla_50', '[SLA] 운영자금증감률', '/mng/sla/sh_sla_50', 'Y', 'Y', 'Y', 'N', 'N', 'N', 'N', 'N', 'N', 'N', null, '_self', TO_TIMESTAMP('2017-03-30 16:46:27.498000', 'YYYY-MM-DD HH24:MI:SS.FF6'), 'system', TO_TIMESTAMP('2017-04-20 13:24:59.322000', 'YYYY-MM-DD HH24:MI:SS.FF6'), 'system');
INSERT INTO ATMS_PROGRAM (PROG_CD, PROG_NM, PROG_PH, AUTH_CHECK, SCH_AH, SAV_AH, DEL_AH, EXL_AH, FN1_AH, FN2_AH, FN3_AH, FN4_AH, FN5_AH, REMARK, TARGET, CREATED_AT, CREATED_BY, UPDATED_AT, UPDATED_BY) VALUES ('sh_sla_60', '[SLA] 운영자금시재검사', '/mng/sla/sh_sla_60', 'Y', 'Y', 'Y', 'N', 'N', 'N', 'N', 'N', 'N', 'N', null, '_self', TO_TIMESTAMP('2017-03-30 16:46:27.498000', 'YYYY-MM-DD HH24:MI:SS.FF6'), 'system', TO_TIMESTAMP('2017-04-20 13:24:59.322000', 'YYYY-MM-DD HH24:MI:SS.FF6'), 'system');
INSERT INTO ATMS_PROGRAM (PROG_CD, PROG_NM, PROG_PH, AUTH_CHECK, SCH_AH, SAV_AH, DEL_AH, EXL_AH, FN1_AH, FN2_AH, FN3_AH, FN4_AH, FN5_AH, REMARK, TARGET, CREATED_AT, CREATED_BY, UPDATED_AT, UPDATED_BY) VALUES ('sh_sla_70', '[SLA] 출동평균시간', '/mng/sla/sh_sla_70', 'Y', 'Y', 'Y', 'N', 'N', 'N', 'N', 'N', 'N', 'N', null, '_self', TO_TIMESTAMP('2017-03-30 16:46:27.498000', 'YYYY-MM-DD HH24:MI:SS.FF6'), 'system', TO_TIMESTAMP('2017-04-20 13:24:59.322000', 'YYYY-MM-DD HH24:MI:SS.FF6'), 'system');
INSERT INTO ATMS_PROGRAM (PROG_CD, PROG_NM, PROG_PH, AUTH_CHECK, SCH_AH, SAV_AH, DEL_AH, EXL_AH, FN1_AH, FN2_AH, FN3_AH, FN4_AH, FN5_AH, REMARK, TARGET, CREATED_AT, CREATED_BY, UPDATED_AT, UPDATED_BY) VALUES ('sh_sla_80', '[SLA] 출동준수율', '/mng/sla/sh_sla_80', 'Y', 'Y', 'Y', 'N', 'N', 'N', 'N', 'N', 'N', 'N', null, '_self', TO_TIMESTAMP('2017-03-30 16:46:27.498000', 'YYYY-MM-DD HH24:MI:SS.FF6'), 'system', TO_TIMESTAMP('2017-04-20 13:24:59.322000', 'YYYY-MM-DD HH24:MI:SS.FF6'), 'system');
INSERT INTO ATMS_PROGRAM (PROG_CD, PROG_NM, PROG_PH, AUTH_CHECK, SCH_AH, SAV_AH, DEL_AH, EXL_AH, FN1_AH, FN2_AH, FN3_AH, FN4_AH, FN5_AH, REMARK, TARGET, CREATED_AT, CREATED_BY, UPDATED_AT, UPDATED_BY) VALUES ('sh_sla_f0', '[SLA] 장애1차처리완료율', '/mng/sla/sh_sla_f0', 'Y', 'Y', 'Y', 'N', 'N', 'N', 'N', 'N', 'N', 'N', null, '_self', TO_TIMESTAMP('2017-03-30 16:46:27.498000', 'YYYY-MM-DD HH24:MI:SS.FF6'), 'system', TO_TIMESTAMP('2017-04-20 13:24:59.322000', 'YYYY-MM-DD HH24:MI:SS.FF6'), 'system');
INSERT INTO ATMS_PROGRAM (PROG_CD, PROG_NM, PROG_PH, AUTH_CHECK, SCH_AH, SAV_AH, DEL_AH, EXL_AH, FN1_AH, FN2_AH, FN3_AH, FN4_AH, FN5_AH, REMARK, TARGET, CREATED_AT, CREATED_BY, UPDATED_AT, UPDATED_BY) VALUES ('sh_sla_a0', '[SLA] 환경점검', '/mng/sla/sh_sla_a0', 'Y', 'Y', 'Y', 'N', 'N', 'N', 'N', 'N', 'N', 'N', null, '_self', TO_TIMESTAMP('2017-03-30 16:46:27.498000', 'YYYY-MM-DD HH24:MI:SS.FF6'), 'system', TO_TIMESTAMP('2017-04-20 13:24:59.322000', 'YYYY-MM-DD HH24:MI:SS.FF6'), 'system');
INSERT INTO ATMS_PROGRAM (PROG_CD, PROG_NM, PROG_PH, AUTH_CHECK, SCH_AH, SAV_AH, DEL_AH, EXL_AH, FN1_AH, FN2_AH, FN3_AH, FN4_AH, FN5_AH, REMARK, TARGET, CREATED_AT, CREATED_BY, UPDATED_AT, UPDATED_BY) VALUES ('sh_sla_b0', '[SLA] 기기점검내역', '/mng/sla/sh_sla_b0', 'Y', 'Y', 'Y', 'N', 'N', 'N', 'N', 'N', 'N', 'N', null, '_self', TO_TIMESTAMP('2017-03-30 16:46:27.498000', 'YYYY-MM-DD HH24:MI:SS.FF6'), 'system', TO_TIMESTAMP('2017-04-20 13:24:59.321000', 'YYYY-MM-DD HH24:MI:SS.FF6'), 'system');
INSERT INTO ATMS_PROGRAM (PROG_CD, PROG_NM, PROG_PH, AUTH_CHECK, SCH_AH, SAV_AH, DEL_AH, EXL_AH, FN1_AH, FN2_AH, FN3_AH, FN4_AH, FN5_AH, REMARK, TARGET, CREATED_AT, CREATED_BY, UPDATED_AT, UPDATED_BY) VALUES ('sh_sla_e0', '[SLA] 자동화기기가동률', '/mng/sla/sh_sla_e0', 'Y', 'Y', 'Y', 'N', 'N', 'N', 'N', 'N', 'N', 'N', null, '_self', TO_TIMESTAMP('2017-03-30 16:46:27.498000', 'YYYY-MM-DD HH24:MI:SS.FF6'), 'system', TO_TIMESTAMP('2017-04-20 13:24:59.322000', 'YYYY-MM-DD HH24:MI:SS.FF6'), 'system');
INSERT INTO ATMS_PROGRAM (PROG_CD, PROG_NM, PROG_PH, AUTH_CHECK, SCH_AH, SAV_AH, DEL_AH, EXL_AH, FN1_AH, FN2_AH, FN3_AH, FN4_AH, FN5_AH, REMARK, TARGET, CREATED_AT, CREATED_BY, UPDATED_AT, UPDATED_BY) VALUES ('sh_sla_g1', '[SLA] 회수통장카드관리내역', '/mng/sla/sh_sla_g1', 'Y', 'Y', 'Y', 'N', 'N', 'N', 'N', 'N', 'N', 'N', null, '_self', TO_TIMESTAMP('2017-03-30 16:46:27.498000', 'YYYY-MM-DD HH24:MI:SS.FF6'), 'system', TO_TIMESTAMP('2017-04-20 13:24:59.322000', 'YYYY-MM-DD HH24:MI:SS.FF6'), 'system');

INSERT INTO ATMS_MENU (MENU_ID, MENU_GRP_CD, MENU_NM, PROG_CD, LEVEL_M, PARENT_ID, SORT, CREATED_AT, CREATED_BY, UPDATED_AT, UPDATED_BY) VALUES (137, 'SYSTEM_MANAGER', 'SLA평가', null, 0, null, 7, TO_TIMESTAMP('2017-04-20 13:25:29.705000', 'YYYY-MM-DD HH24:MI:SS.FF6'), 'system', TO_TIMESTAMP('2017-04-20 13:32:23.301000', 'YYYY-MM-DD HH24:MI:SS.FF6'), 'system');
INSERT INTO ATMS_MENU (MENU_ID, MENU_GRP_CD, MENU_NM, PROG_CD, LEVEL_M, PARENT_ID, SORT, CREATED_AT, CREATED_BY, UPDATED_AT, UPDATED_BY) VALUES (138, 'SYSTEM_MANAGER', '패널티내역(소명)', 'sh_sla_10', 1, 137, 0, TO_TIMESTAMP('2017-04-20 13:26:37.310000', 'YYYY-MM-DD HH24:MI:SS.FF6'), 'system', TO_TIMESTAMP('2017-04-20 13:32:23.302000', 'YYYY-MM-DD HH24:MI:SS.FF6'), 'system');
INSERT INTO ATMS_MENU (MENU_ID, MENU_GRP_CD, MENU_NM, PROG_CD, LEVEL_M, PARENT_ID, SORT, CREATED_AT, CREATED_BY, UPDATED_AT, UPDATED_BY) VALUES (139, 'SYSTEM_MANAGER', '현금부족내역(소명)', 'sh_sla_20', 1, 137, 1, TO_TIMESTAMP('2017-04-20 13:26:37.314000', 'YYYY-MM-DD HH24:MI:SS.FF6'), 'system', TO_TIMESTAMP('2017-04-20 13:32:23.302000', 'YYYY-MM-DD HH24:MI:SS.FF6'), 'system');
INSERT INTO ATMS_MENU (MENU_ID, MENU_GRP_CD, MENU_NM, PROG_CD, LEVEL_M, PARENT_ID, SORT, CREATED_AT, CREATED_BY, UPDATED_AT, UPDATED_BY) VALUES (140, 'SYSTEM_MANAGER', '민원관리내역', 'sh_sla_30', 1, 137, 2, TO_TIMESTAMP('2017-04-20 13:30:05.820000', 'YYYY-MM-DD HH24:MI:SS.FF6'), 'system', TO_TIMESTAMP('2017-04-20 13:32:23.302000', 'YYYY-MM-DD HH24:MI:SS.FF6'), 'system');
INSERT INTO ATMS_MENU (MENU_ID, MENU_GRP_CD, MENU_NM, PROG_CD, LEVEL_M, PARENT_ID, SORT, CREATED_AT, CREATED_BY, UPDATED_AT, UPDATED_BY) VALUES (141, 'SYSTEM_MANAGER', '해피콜', 'sh_sla_40', 1, 137, 3, TO_TIMESTAMP('2017-04-20 13:27:59.491000', 'YYYY-MM-DD HH24:MI:SS.FF6'), 'system', TO_TIMESTAMP('2017-04-20 13:32:23.302000', 'YYYY-MM-DD HH24:MI:SS.FF6'), 'system');
INSERT INTO ATMS_MENU (MENU_ID, MENU_GRP_CD, MENU_NM, PROG_CD, LEVEL_M, PARENT_ID, SORT, CREATED_AT, CREATED_BY, UPDATED_AT, UPDATED_BY) VALUES (142, 'SYSTEM_MANAGER', '운영자금증감률', 'sh_sla_50', 1, 137, 4, TO_TIMESTAMP('2017-04-20 13:27:59.496000', 'YYYY-MM-DD HH24:MI:SS.FF6'), 'system', TO_TIMESTAMP('2017-04-20 13:32:23.302000', 'YYYY-MM-DD HH24:MI:SS.FF6'), 'system');
INSERT INTO ATMS_MENU (MENU_ID, MENU_GRP_CD, MENU_NM, PROG_CD, LEVEL_M, PARENT_ID, SORT, CREATED_AT, CREATED_BY, UPDATED_AT, UPDATED_BY) VALUES (143, 'SYSTEM_MANAGER', '운영자금시재검사', 'sh_sla_60', 1, 137, 5, TO_TIMESTAMP('2017-04-20 13:27:59.499000', 'YYYY-MM-DD HH24:MI:SS.FF6'), 'system', TO_TIMESTAMP('2017-04-20 13:32:23.302000', 'YYYY-MM-DD HH24:MI:SS.FF6'), 'system');
INSERT INTO ATMS_MENU (MENU_ID, MENU_GRP_CD, MENU_NM, PROG_CD, LEVEL_M, PARENT_ID, SORT, CREATED_AT, CREATED_BY, UPDATED_AT, UPDATED_BY) VALUES (144, 'SYSTEM_MANAGER', '출동평균시간(소명)', 'sh_sla_70', 1, 137, 6, TO_TIMESTAMP('2017-04-20 13:27:59.503000', 'YYYY-MM-DD HH24:MI:SS.FF6'), 'system', TO_TIMESTAMP('2017-04-20 13:32:23.302000', 'YYYY-MM-DD HH24:MI:SS.FF6'), 'system');
INSERT INTO ATMS_MENU (MENU_ID, MENU_GRP_CD, MENU_NM, PROG_CD, LEVEL_M, PARENT_ID, SORT, CREATED_AT, CREATED_BY, UPDATED_AT, UPDATED_BY) VALUES (145, 'SYSTEM_MANAGER', '출동준수율', 'sh_sla_80', 1, 137, 7, TO_TIMESTAMP('2017-04-20 13:27:59.511000', 'YYYY-MM-DD HH24:MI:SS.FF6'), 'system', TO_TIMESTAMP('2017-04-20 13:32:23.302000', 'YYYY-MM-DD HH24:MI:SS.FF6'), 'system');
INSERT INTO ATMS_MENU (MENU_ID, MENU_GRP_CD, MENU_NM, PROG_CD, LEVEL_M, PARENT_ID, SORT, CREATED_AT, CREATED_BY, UPDATED_AT, UPDATED_BY) VALUES (146, 'SYSTEM_MANAGER', '장애1차처리완료율(소명)', 'sh_sla_f0', 1, 137, 8, TO_TIMESTAMP('2017-04-20 13:29:09.014000', 'YYYY-MM-DD HH24:MI:SS.FF6'), 'system', TO_TIMESTAMP('2017-04-20 13:32:23.302000', 'YYYY-MM-DD HH24:MI:SS.FF6'), 'system');
INSERT INTO ATMS_MENU (MENU_ID, MENU_GRP_CD, MENU_NM, PROG_CD, LEVEL_M, PARENT_ID, SORT, CREATED_AT, CREATED_BY, UPDATED_AT, UPDATED_BY) VALUES (147, 'SYSTEM_MANAGER', '환경점검', 'sh_sla_a0', 1, 137, 9, TO_TIMESTAMP('2017-04-20 13:29:09.019000', 'YYYY-MM-DD HH24:MI:SS.FF6'), 'system', TO_TIMESTAMP('2017-04-20 13:32:23.302000', 'YYYY-MM-DD HH24:MI:SS.FF6'), 'system');
INSERT INTO ATMS_MENU (MENU_ID, MENU_GRP_CD, MENU_NM, PROG_CD, LEVEL_M, PARENT_ID, SORT, CREATED_AT, CREATED_BY, UPDATED_AT, UPDATED_BY) VALUES (148, 'SYSTEM_MANAGER', '기기점검내역', 'sh_sla_b0', 1, 137, 10, TO_TIMESTAMP('2017-04-20 13:29:09.023000', 'YYYY-MM-DD HH24:MI:SS.FF6'), 'system', TO_TIMESTAMP('2017-04-20 13:32:23.302000', 'YYYY-MM-DD HH24:MI:SS.FF6'), 'system');
INSERT INTO ATMS_MENU (MENU_ID, MENU_GRP_CD, MENU_NM, PROG_CD, LEVEL_M, PARENT_ID, SORT, CREATED_AT, CREATED_BY, UPDATED_AT, UPDATED_BY) VALUES (149, 'SYSTEM_MANAGER', '자동화기기가동률', 'sh_sla_e0', 1, 137, 11, TO_TIMESTAMP('2017-04-20 13:29:09.027000', 'YYYY-MM-DD HH24:MI:SS.FF6'), 'system', TO_TIMESTAMP('2017-04-20 13:32:23.302000', 'YYYY-MM-DD HH24:MI:SS.FF6'), 'system');
INSERT INTO ATMS_MENU (MENU_ID, MENU_GRP_CD, MENU_NM, PROG_CD, LEVEL_M, PARENT_ID, SORT, CREATED_AT, CREATED_BY, UPDATED_AT, UPDATED_BY) VALUES (150, 'SYSTEM_MANAGER', '회수통장관리내역', 'sh_sla_g1', 1, 137, 12, TO_TIMESTAMP('2017-04-20 13:29:09.031000', 'YYYY-MM-DD HH24:MI:SS.FF6'), 'system', TO_TIMESTAMP('2017-04-20 13:32:23.302000', 'YYYY-MM-DD HH24:MI:SS.FF6'), 'system');

INSERT INTO ATMS_AUTH_GROUP_MAP (GRP_AUTH_CD, MENU_ID, SCH_AH, SAV_AH, DEL_AH, EXL_AH, FN1_AH, FN2_AH, FN3_AH, FN4_AH, FN5_AH, CREATED_AT, CREATED_BY, UPDATED_AT, UPDATED_BY) VALUES ('S0001', 138, 'Y', 'Y', 'N', 'N', 'N', 'N', 'N', 'N', 'N', TO_TIMESTAMP('2017-04-20 13:30:19.283000', 'YYYY-MM-DD HH24:MI:SS.FF6'), 'system', TO_TIMESTAMP('2017-04-20 13:30:19.283000', 'YYYY-MM-DD HH24:MI:SS.FF6'), 'system');
INSERT INTO ATMS_AUTH_GROUP_MAP (GRP_AUTH_CD, MENU_ID, SCH_AH, SAV_AH, DEL_AH, EXL_AH, FN1_AH, FN2_AH, FN3_AH, FN4_AH, FN5_AH, CREATED_AT, CREATED_BY, UPDATED_AT, UPDATED_BY) VALUES ('S0002', 138, 'Y', 'Y', 'N', 'N', 'N', 'N', 'N', 'N', 'N', TO_TIMESTAMP('2017-04-20 13:30:19.287000', 'YYYY-MM-DD HH24:MI:SS.FF6'), 'system', TO_TIMESTAMP('2017-04-20 13:30:19.287000', 'YYYY-MM-DD HH24:MI:SS.FF6'), 'system');
INSERT INTO ATMS_AUTH_GROUP_MAP (GRP_AUTH_CD, MENU_ID, SCH_AH, SAV_AH, DEL_AH, EXL_AH, FN1_AH, FN2_AH, FN3_AH, FN4_AH, FN5_AH, CREATED_AT, CREATED_BY, UPDATED_AT, UPDATED_BY) VALUES ('S0001', 139, 'Y', 'Y', 'N', 'N', 'N', 'N', 'N', 'N', 'N', TO_TIMESTAMP('2017-04-20 13:30:30.258000', 'YYYY-MM-DD HH24:MI:SS.FF6'), 'system', TO_TIMESTAMP('2017-04-20 13:30:30.258000', 'YYYY-MM-DD HH24:MI:SS.FF6'), 'system');
INSERT INTO ATMS_AUTH_GROUP_MAP (GRP_AUTH_CD, MENU_ID, SCH_AH, SAV_AH, DEL_AH, EXL_AH, FN1_AH, FN2_AH, FN3_AH, FN4_AH, FN5_AH, CREATED_AT, CREATED_BY, UPDATED_AT, UPDATED_BY) VALUES ('S0002', 139, 'Y', 'Y', 'N', 'N', 'N', 'N', 'N', 'N', 'N', TO_TIMESTAMP('2017-04-20 13:30:30.264000', 'YYYY-MM-DD HH24:MI:SS.FF6'), 'system', TO_TIMESTAMP('2017-04-20 13:30:30.264000', 'YYYY-MM-DD HH24:MI:SS.FF6'), 'system');
INSERT INTO ATMS_AUTH_GROUP_MAP (GRP_AUTH_CD, MENU_ID, SCH_AH, SAV_AH, DEL_AH, EXL_AH, FN1_AH, FN2_AH, FN3_AH, FN4_AH, FN5_AH, CREATED_AT, CREATED_BY, UPDATED_AT, UPDATED_BY) VALUES ('S0001', 150, 'Y', 'Y', 'N', 'N', 'N', 'N', 'N', 'N', 'N', TO_TIMESTAMP('2017-04-20 13:30:39.046000', 'YYYY-MM-DD HH24:MI:SS.FF6'), 'system', TO_TIMESTAMP('2017-04-20 13:30:39.046000', 'YYYY-MM-DD HH24:MI:SS.FF6'), 'system');
INSERT INTO ATMS_AUTH_GROUP_MAP (GRP_AUTH_CD, MENU_ID, SCH_AH, SAV_AH, DEL_AH, EXL_AH, FN1_AH, FN2_AH, FN3_AH, FN4_AH, FN5_AH, CREATED_AT, CREATED_BY, UPDATED_AT, UPDATED_BY) VALUES ('S0002', 150, 'Y', 'Y', 'N', 'N', 'N', 'N', 'N', 'N', 'N', TO_TIMESTAMP('2017-04-20 13:30:39.052000', 'YYYY-MM-DD HH24:MI:SS.FF6'), 'system', TO_TIMESTAMP('2017-04-20 13:30:39.052000', 'YYYY-MM-DD HH24:MI:SS.FF6'), 'system');
INSERT INTO ATMS_AUTH_GROUP_MAP (GRP_AUTH_CD, MENU_ID, SCH_AH, SAV_AH, DEL_AH, EXL_AH, FN1_AH, FN2_AH, FN3_AH, FN4_AH, FN5_AH, CREATED_AT, CREATED_BY, UPDATED_AT, UPDATED_BY) VALUES ('S0001', 140, 'Y', 'Y', 'N', 'N', 'N', 'N', 'N', 'N', 'N', TO_TIMESTAMP('2017-04-20 13:30:48.149000', 'YYYY-MM-DD HH24:MI:SS.FF6'), 'system', TO_TIMESTAMP('2017-04-20 13:30:48.149000', 'YYYY-MM-DD HH24:MI:SS.FF6'), 'system');
INSERT INTO ATMS_AUTH_GROUP_MAP (GRP_AUTH_CD, MENU_ID, SCH_AH, SAV_AH, DEL_AH, EXL_AH, FN1_AH, FN2_AH, FN3_AH, FN4_AH, FN5_AH, CREATED_AT, CREATED_BY, UPDATED_AT, UPDATED_BY) VALUES ('S0002', 140, 'Y', 'Y', 'N', 'N', 'N', 'N', 'N', 'N', 'N', TO_TIMESTAMP('2017-04-20 13:30:48.153000', 'YYYY-MM-DD HH24:MI:SS.FF6'), 'system', TO_TIMESTAMP('2017-04-20 13:30:48.153000', 'YYYY-MM-DD HH24:MI:SS.FF6'), 'system');
INSERT INTO ATMS_AUTH_GROUP_MAP (GRP_AUTH_CD, MENU_ID, SCH_AH, SAV_AH, DEL_AH, EXL_AH, FN1_AH, FN2_AH, FN3_AH, FN4_AH, FN5_AH, CREATED_AT, CREATED_BY, UPDATED_AT, UPDATED_BY) VALUES ('S0001', 141, 'Y', 'Y', 'N', 'N', 'N', 'N', 'N', 'N', 'N', TO_TIMESTAMP('2017-04-20 13:30:59.686000', 'YYYY-MM-DD HH24:MI:SS.FF6'), 'system', TO_TIMESTAMP('2017-04-20 13:30:59.686000', 'YYYY-MM-DD HH24:MI:SS.FF6'), 'system');
INSERT INTO ATMS_AUTH_GROUP_MAP (GRP_AUTH_CD, MENU_ID, SCH_AH, SAV_AH, DEL_AH, EXL_AH, FN1_AH, FN2_AH, FN3_AH, FN4_AH, FN5_AH, CREATED_AT, CREATED_BY, UPDATED_AT, UPDATED_BY) VALUES ('S0002', 141, 'Y', 'Y', 'N', 'N', 'N', 'N', 'N', 'N', 'N', TO_TIMESTAMP('2017-04-20 13:30:59.690000', 'YYYY-MM-DD HH24:MI:SS.FF6'), 'system', TO_TIMESTAMP('2017-04-20 13:30:59.690000', 'YYYY-MM-DD HH24:MI:SS.FF6'), 'system');
INSERT INTO ATMS_AUTH_GROUP_MAP (GRP_AUTH_CD, MENU_ID, SCH_AH, SAV_AH, DEL_AH, EXL_AH, FN1_AH, FN2_AH, FN3_AH, FN4_AH, FN5_AH, CREATED_AT, CREATED_BY, UPDATED_AT, UPDATED_BY) VALUES ('S0001', 142, 'Y', 'Y', 'N', 'N', 'N', 'N', 'N', 'N', 'N', TO_TIMESTAMP('2017-04-20 13:31:08.672000', 'YYYY-MM-DD HH24:MI:SS.FF6'), 'system', TO_TIMESTAMP('2017-04-20 13:31:08.672000', 'YYYY-MM-DD HH24:MI:SS.FF6'), 'system');
INSERT INTO ATMS_AUTH_GROUP_MAP (GRP_AUTH_CD, MENU_ID, SCH_AH, SAV_AH, DEL_AH, EXL_AH, FN1_AH, FN2_AH, FN3_AH, FN4_AH, FN5_AH, CREATED_AT, CREATED_BY, UPDATED_AT, UPDATED_BY) VALUES ('S0002', 142, 'Y', 'Y', 'N', 'N', 'N', 'N', 'N', 'N', 'N', TO_TIMESTAMP('2017-04-20 13:31:08.676000', 'YYYY-MM-DD HH24:MI:SS.FF6'), 'system', TO_TIMESTAMP('2017-04-20 13:31:08.676000', 'YYYY-MM-DD HH24:MI:SS.FF6'), 'system');
INSERT INTO ATMS_AUTH_GROUP_MAP (GRP_AUTH_CD, MENU_ID, SCH_AH, SAV_AH, DEL_AH, EXL_AH, FN1_AH, FN2_AH, FN3_AH, FN4_AH, FN5_AH, CREATED_AT, CREATED_BY, UPDATED_AT, UPDATED_BY) VALUES ('S0001', 143, 'Y', 'Y', 'N', 'N', 'N', 'N', 'N', 'N', 'N', TO_TIMESTAMP('2017-04-20 13:31:19.914000', 'YYYY-MM-DD HH24:MI:SS.FF6'), 'system', TO_TIMESTAMP('2017-04-20 13:31:19.914000', 'YYYY-MM-DD HH24:MI:SS.FF6'), 'system');
INSERT INTO ATMS_AUTH_GROUP_MAP (GRP_AUTH_CD, MENU_ID, SCH_AH, SAV_AH, DEL_AH, EXL_AH, FN1_AH, FN2_AH, FN3_AH, FN4_AH, FN5_AH, CREATED_AT, CREATED_BY, UPDATED_AT, UPDATED_BY) VALUES ('S0002', 143, 'Y', 'Y', 'N', 'N', 'N', 'N', 'N', 'N', 'N', TO_TIMESTAMP('2017-04-20 13:31:19.918000', 'YYYY-MM-DD HH24:MI:SS.FF6'), 'system', TO_TIMESTAMP('2017-04-20 13:31:19.918000', 'YYYY-MM-DD HH24:MI:SS.FF6'), 'system');
INSERT INTO ATMS_AUTH_GROUP_MAP (GRP_AUTH_CD, MENU_ID, SCH_AH, SAV_AH, DEL_AH, EXL_AH, FN1_AH, FN2_AH, FN3_AH, FN4_AH, FN5_AH, CREATED_AT, CREATED_BY, UPDATED_AT, UPDATED_BY) VALUES ('S0001', 144, 'Y', 'Y', 'N', 'N', 'N', 'N', 'N', 'N', 'N', TO_TIMESTAMP('2017-04-20 13:31:28.227000', 'YYYY-MM-DD HH24:MI:SS.FF6'), 'system', TO_TIMESTAMP('2017-04-20 13:31:28.227000', 'YYYY-MM-DD HH24:MI:SS.FF6'), 'system');
INSERT INTO ATMS_AUTH_GROUP_MAP (GRP_AUTH_CD, MENU_ID, SCH_AH, SAV_AH, DEL_AH, EXL_AH, FN1_AH, FN2_AH, FN3_AH, FN4_AH, FN5_AH, CREATED_AT, CREATED_BY, UPDATED_AT, UPDATED_BY) VALUES ('S0002', 144, 'Y', 'Y', 'N', 'N', 'N', 'N', 'N', 'N', 'N', TO_TIMESTAMP('2017-04-20 13:31:28.231000', 'YYYY-MM-DD HH24:MI:SS.FF6'), 'system', TO_TIMESTAMP('2017-04-20 13:31:28.231000', 'YYYY-MM-DD HH24:MI:SS.FF6'), 'system');
INSERT INTO ATMS_AUTH_GROUP_MAP (GRP_AUTH_CD, MENU_ID, SCH_AH, SAV_AH, DEL_AH, EXL_AH, FN1_AH, FN2_AH, FN3_AH, FN4_AH, FN5_AH, CREATED_AT, CREATED_BY, UPDATED_AT, UPDATED_BY) VALUES ('S0001', 145, 'Y', 'Y', 'N', 'N', 'N', 'N', 'N', 'N', 'N', TO_TIMESTAMP('2017-04-20 13:31:38.427000', 'YYYY-MM-DD HH24:MI:SS.FF6'), 'system', TO_TIMESTAMP('2017-04-20 13:31:38.427000', 'YYYY-MM-DD HH24:MI:SS.FF6'), 'system');
INSERT INTO ATMS_AUTH_GROUP_MAP (GRP_AUTH_CD, MENU_ID, SCH_AH, SAV_AH, DEL_AH, EXL_AH, FN1_AH, FN2_AH, FN3_AH, FN4_AH, FN5_AH, CREATED_AT, CREATED_BY, UPDATED_AT, UPDATED_BY) VALUES ('S0002', 145, 'Y', 'Y', 'N', 'N', 'N', 'N', 'N', 'N', 'N', TO_TIMESTAMP('2017-04-20 13:31:38.430000', 'YYYY-MM-DD HH24:MI:SS.FF6'), 'system', TO_TIMESTAMP('2017-04-20 13:31:38.430000', 'YYYY-MM-DD HH24:MI:SS.FF6'), 'system');
INSERT INTO ATMS_AUTH_GROUP_MAP (GRP_AUTH_CD, MENU_ID, SCH_AH, SAV_AH, DEL_AH, EXL_AH, FN1_AH, FN2_AH, FN3_AH, FN4_AH, FN5_AH, CREATED_AT, CREATED_BY, UPDATED_AT, UPDATED_BY) VALUES ('S0001', 146, 'Y', 'Y', 'N', 'N', 'N', 'N', 'N', 'N', 'N', TO_TIMESTAMP('2017-04-20 13:31:49.953000', 'YYYY-MM-DD HH24:MI:SS.FF6'), 'system', TO_TIMESTAMP('2017-04-20 13:31:49.953000', 'YYYY-MM-DD HH24:MI:SS.FF6'), 'system');
INSERT INTO ATMS_AUTH_GROUP_MAP (GRP_AUTH_CD, MENU_ID, SCH_AH, SAV_AH, DEL_AH, EXL_AH, FN1_AH, FN2_AH, FN3_AH, FN4_AH, FN5_AH, CREATED_AT, CREATED_BY, UPDATED_AT, UPDATED_BY) VALUES ('S0002', 146, 'Y', 'Y', 'N', 'N', 'N', 'N', 'N', 'N', 'N', TO_TIMESTAMP('2017-04-20 13:31:49.957000', 'YYYY-MM-DD HH24:MI:SS.FF6'), 'system', TO_TIMESTAMP('2017-04-20 13:31:49.957000', 'YYYY-MM-DD HH24:MI:SS.FF6'), 'system');
INSERT INTO ATMS_AUTH_GROUP_MAP (GRP_AUTH_CD, MENU_ID, SCH_AH, SAV_AH, DEL_AH, EXL_AH, FN1_AH, FN2_AH, FN3_AH, FN4_AH, FN5_AH, CREATED_AT, CREATED_BY, UPDATED_AT, UPDATED_BY) VALUES ('S0001', 147, 'Y', 'Y', 'N', 'N', 'N', 'N', 'N', 'N', 'N', TO_TIMESTAMP('2017-04-20 13:31:59.061000', 'YYYY-MM-DD HH24:MI:SS.FF6'), 'system', TO_TIMESTAMP('2017-04-20 13:31:59.061000', 'YYYY-MM-DD HH24:MI:SS.FF6'), 'system');
INSERT INTO ATMS_AUTH_GROUP_MAP (GRP_AUTH_CD, MENU_ID, SCH_AH, SAV_AH, DEL_AH, EXL_AH, FN1_AH, FN2_AH, FN3_AH, FN4_AH, FN5_AH, CREATED_AT, CREATED_BY, UPDATED_AT, UPDATED_BY) VALUES ('S0002', 147, 'Y', 'Y', 'N', 'N', 'N', 'N', 'N', 'N', 'N', TO_TIMESTAMP('2017-04-20 13:31:59.065000', 'YYYY-MM-DD HH24:MI:SS.FF6'), 'system', TO_TIMESTAMP('2017-04-20 13:31:59.065000', 'YYYY-MM-DD HH24:MI:SS.FF6'), 'system');
INSERT INTO ATMS_AUTH_GROUP_MAP (GRP_AUTH_CD, MENU_ID, SCH_AH, SAV_AH, DEL_AH, EXL_AH, FN1_AH, FN2_AH, FN3_AH, FN4_AH, FN5_AH, CREATED_AT, CREATED_BY, UPDATED_AT, UPDATED_BY) VALUES ('S0001', 148, 'Y', 'Y', 'N', 'N', 'N', 'N', 'N', 'N', 'N', TO_TIMESTAMP('2017-04-20 13:32:11.468000', 'YYYY-MM-DD HH24:MI:SS.FF6'), 'system', TO_TIMESTAMP('2017-04-20 13:32:11.468000', 'YYYY-MM-DD HH24:MI:SS.FF6'), 'system');
INSERT INTO ATMS_AUTH_GROUP_MAP (GRP_AUTH_CD, MENU_ID, SCH_AH, SAV_AH, DEL_AH, EXL_AH, FN1_AH, FN2_AH, FN3_AH, FN4_AH, FN5_AH, CREATED_AT, CREATED_BY, UPDATED_AT, UPDATED_BY) VALUES ('S0002', 148, 'Y', 'Y', 'N', 'N', 'N', 'N', 'N', 'N', 'N', TO_TIMESTAMP('2017-04-20 13:32:11.472000', 'YYYY-MM-DD HH24:MI:SS.FF6'), 'system', TO_TIMESTAMP('2017-04-20 13:32:11.472000', 'YYYY-MM-DD HH24:MI:SS.FF6'), 'system');
INSERT INTO ATMS_AUTH_GROUP_MAP (GRP_AUTH_CD, MENU_ID, SCH_AH, SAV_AH, DEL_AH, EXL_AH, FN1_AH, FN2_AH, FN3_AH, FN4_AH, FN5_AH, CREATED_AT, CREATED_BY, UPDATED_AT, UPDATED_BY) VALUES ('S0001', 149, 'Y', 'Y', 'N', 'N', 'N', 'N', 'N', 'N', 'N', TO_TIMESTAMP('2017-04-20 13:32:22.859000', 'YYYY-MM-DD HH24:MI:SS.FF6'), 'system', TO_TIMESTAMP('2017-04-20 13:32:22.859000', 'YYYY-MM-DD HH24:MI:SS.FF6'), 'system');
INSERT INTO ATMS_AUTH_GROUP_MAP (GRP_AUTH_CD, MENU_ID, SCH_AH, SAV_AH, DEL_AH, EXL_AH, FN1_AH, FN2_AH, FN3_AH, FN4_AH, FN5_AH, CREATED_AT, CREATED_BY, UPDATED_AT, UPDATED_BY) VALUES ('S0002', 149, 'Y', 'Y', 'N', 'N', 'N', 'N', 'N', 'N', 'N', TO_TIMESTAMP('2017-04-20 13:32:22.862000', 'YYYY-MM-DD HH24:MI:SS.FF6'), 'system', TO_TIMESTAMP('2017-04-20 13:32:22.862000', 'YYYY-MM-DD HH24:MI:SS.FF6'), 'system');